{
  "tiktok": {
    "n": 2419,
    "chain": [
      [
        6,
        16,
        1.0
      ],
      [
        34,
        9,
        0.6976
      ],
      [
        480,
        4,
        0.8208
      ]
    ],
    "sbm_levels": [
      125,
      34,
      6,
      2,
      1
    ],
    "sbm_dl": 99773.98352061625
  },
  "xstance": {
    "n": 4274,
    "chain": [
      [
        6,
        24,
        1.0
      ],
      [
        26,
        14,
        0.7726
      ],
      [
        200,
        7,
        0.7769
      ]
    ],
    "sbm_levels": [
      208,
      49,
      10,
      3,
      1
    ],
    "sbm_dl": 194817.80448027482,
    "ari_topic12": {
      "chain": 0.192,
      "chain_level": "L0_n24",
      "sbm": 0.19,
      "sbm_level": "L2_n10"
    },
    "ari_question191": {
      "chain": 0.099,
      "chain_level": "L0_n24",
      "sbm": 0.144,
      "sbm_level": "L1_n49"
    }
  },
  "mix": {
    "n": 6693,
    "chain": [
      [
        6,
        21,
        1.0
      ],
      [
        1100,
        2,
        0.9399
      ]
    ],
    "sbm_levels": [
      369,
      99,
      28,
      7,
      2,
      1
    ],
    "sbm_dl": 338223.1592725037,
    "ari_domain2": {
      "chain": 0.906,
      "chain_level": "L1_n2",
      "sbm": 0.915,
      "sbm_level": "L4_n2"
    }
  }
}